{
    "drivers": {
        "Verstappen": {
            "mu": 89.97404369987876,
            "sigma": 1.1910422909855796,
            "avg_position": 3.108,
            "win_probability": 0.41,
            "expected_race_time": 1352.3554137330307,
            "strategy": [
                [
                    0,
                    "M"
                ],
                [
                    8,
                    "H"
                ]
            ]
        },
        "Perez": {
            "mu": 90.4616086073663,
            "sigma": 1.0633244780393074,
            "avg_position": 8.942,
            "win_probability": 0.024,
            "expected_race_time": 1359.280173452844,
            "strategy": [
                [
                    0,
                    "M"
                ],
                [
                    8,
                    "H"
                ]
            ]
        },
        "Hamilton": {
            "mu": 90.34466622578246,
            "sigma": 0.9900054997652913,
            "avg_position": 9.972,
            "win_probability": 0.016,
            "expected_race_time": 1360.3080027335534,
            "strategy": [
                [
                    0,
                    "S"
                ],
                [
                    5,
                    "M"
                ],
                [
                    11,
                    "S"
                ]
            ]
        },
        "Russell": {
            "mu": 90.3383674414612,
            "sigma": 1.2440039384764832,
            "avg_position": 6.808,
            "win_probability": 0.09,
            "expected_race_time": 1357.2245082010822,
            "strategy": [
                [
                    0,
                    "M"
                ],
                [
                    9,
                    "H"
                ]
            ]
        },
        "Leclerc": {
            "mu": 90.2570540520659,
            "sigma": 0.8653839239031962,
            "avg_position": 5.886,
            "win_probability": 0.056,
            "expected_race_time": 1356.5866865222106,
            "strategy": [
                [
                    0,
                    "S"
                ],
                [
                    6,
                    "M"
                ]
            ]
        },
        "Sainz": {
            "mu": 90.33077703910276,
            "sigma": 0.967917734701273,
            "avg_position": 6.956,
            "win_probability": 0.04,
            "expected_race_time": 1357.6375428247327,
            "strategy": [
                [
                    0,
                    "M"
                ],
                [
                    8,
                    "H"
                ]
            ]
        },
        "Norris": {
            "mu": 90.18760582281917,
            "sigma": 1.1630361864263872,
            "avg_position": 5.156,
            "win_probability": 0.142,
            "expected_race_time": 1355.4528966243706,
            "strategy": [
                [
                    0,
                    "S"
                ],
                [
                    5,
                    "H"
                ]
            ]
        },
        "Piastri": {
            "mu": 90.22612737186815,
            "sigma": 1.256831092030298,
            "avg_position": 5.902,
            "win_probability": 0.14,
            "expected_race_time": 1356.1422770400668,
            "strategy": [
                [
                    0,
                    "M"
                ],
                [
                    7,
                    "H"
                ]
            ]
        },
        "Alonso": {
            "mu": 90.56876465578951,
            "sigma": 1.0600135986987473,
            "avg_position": 8.116,
            "win_probability": 0.03,
            "expected_race_time": 1358.6749130791263,
            "strategy": [
                [
                    0,
                    "H"
                ]
            ]
        },
        "Stroll": {
            "mu": 90.74349332994642,
            "sigma": 1.1661581737191455,
            "avg_position": 13.904,
            "win_probability": 0.002,
            "expected_race_time": 1363.9972256478154,
            "strategy": [
                [
                    0,
                    "M"
                ],
                [
                    10,
                    "H"
                ]
            ]
        },
        "Gasly": {
            "mu": 90.61577947868048,
            "sigma": 1.189657128920312,
            "avg_position": 14.016,
            "win_probability": 0.002,
            "expected_race_time": 1364.0992281419733,
            "strategy": [
                [
                    0,
                    "S"
                ],
                [
                    4,
                    "M"
                ],
                [
                    10,
                    "S"
                ]
            ]
        },
        "Ocon": {
            "mu": 90.60946623789475,
            "sigma": 1.242161583899567,
            "avg_position": 11.04,
            "win_probability": 0.018,
            "expected_race_time": 1361.350568716459,
            "strategy": [
                [
                    0,
                    "M"
                ],
                [
                    8,
                    "S"
                ]
            ]
        },
        "Tsunoda": {
            "mu": 90.63536979069674,
            "sigma": 1.1961277365747218,
            "avg_position": 11.496,
            "win_probability": 0.012,
            "expected_race_time": 1361.741261379199,
            "strategy": [
                [
                    0,
                    "S"
                ],
                [
                    6,
                    "H"
                ]
            ]
        },
        "Ricciardo": {
            "mu": 90.7075985203653,
            "sigma": 0.9975878978239647,
            "avg_position": 13.292,
            "win_probability": 0.0,
            "expected_race_time": 1363.2605519505926,
            "strategy": [
                [
                    0,
                    "M"
                ],
                [
                    9,
                    "S"
                ]
            ]
        },
        "Hulkenberg": {
            "mu": 90.69336484401094,
            "sigma": 1.080535944285807,
            "avg_position": 10.132,
            "win_probability": 0.016,
            "expected_race_time": 1360.5463249339168,
            "strategy": [
                [
                    0,
                    "H"
                ]
            ]
        },
        "Magnussen": {
            "mu": 90.74280050921355,
            "sigma": 0.9986991436070923,
            "avg_position": 13.908,
            "win_probability": 0.0,
            "expected_race_time": 1363.8336393058669,
            "strategy": [
                [
                    0,
                    "M"
                ],
                [
                    7,
                    "H"
                ]
            ]
        },
        "Albon": {
            "mu": 90.77482990710688,
            "sigma": 1.0647200852641157,
            "avg_position": 13.986,
            "win_probability": 0.002,
            "expected_race_time": 1363.9218386284115,
            "strategy": [
                [
                    0,
                    "S"
                ],
                [
                    5,
                    "M"
                ]
            ]
        },
        "Bottas": {
            "mu": 90.86166574405989,
            "sigma": 1.279729826264255,
            "avg_position": 15.442,