{
    "drivers": {
        "Verstappen": {
            "mu": 90.01432050377421,
            "sigma": 1.0339893048700222,
            "avg_position": 3.11,
            "win_probability": 0.348,
            "expected_race_time": 1352.589384679603,
            "strategy": [
                [
                    0,
                    "M"
                ],
                [
                    8,
                    "H"
                ]
            ]
        },
        "Perez": {
            "mu": 90.45737008675488,
            "sigma": 1.1688435534508703,
            "avg_position": 9.338,
            "win_probability": 0.034,
            "expected_race_time": 1359.4515967132766,
            "strategy": [
                [
                    0,
                    "M"
                ],
                [
                    8,
                    "H"
                ]
            ]
        },
        "Hamilton": {
            "mu": 90.3246337478617,
            "sigma": 1.1380271029771247,
            "avg_position": 9.28,
            "win_probability": 0.02,
            "expected_race_time": 1359.4718362203125,
            "strategy": [
                [
                    0,
                    "S"
                ],
                [
                    5,
                    "M"
                ],
                [
                    11,
                    "S"
                ]
            ]
        },
        "Russell": {
            "mu": 90.40596930415579,
            "sigma": 0.808808070916723,
            "avg_position": 8.094,
            "win_probability": 0.014,
            "expected_race_time": 1358.5265786855944,
            "strategy": [
                [
                    0,
                    "M"
                ],
                [
                    9,
                    "H"
                ]
            ]
        },
        "Leclerc": {
            "mu": 90.18803093755932,
            "sigma": 0.8184775176098824,
            "avg_position": 4.982,
            "win_probability": 0.072,
            "expected_race_time": 1355.5548120892768,
            "strategy": [
                [
                    0,
                    "S"
                ],
                [
                    6,
                    "M"
                ]
            ]
        },
        "Sainz": {
            "mu": 90.33451844537252,
            "sigma": 0.9309733282823835,
            "avg_position": 7.162,
            "win_probability": 0.032,
            "expected_race_time": 1357.696146293147,
            "strategy": [
                [
                    0,
                    "M"
                ],
                [
                    8,
                    "H"
                ]
            ]
        },
        "Norris": {
            "mu": 90.09937940127311,
            "sigma": 1.2486052883267051,
            "avg_position": 4.224,
            "win_probability": 0.272,
            "expected_race_time": 1353.7844003101122,
            "strategy": [
                [
                    0,
                    "S"
                ],
                [
                    5,
                    "H"
                ]
            ]
        },
        "Piastri": {
            "mu": 90.23618912799111,
            "sigma": 1.0966566981693595,
            "avg_position": 5.496,
            "win_probability": 0.134,
            "expected_race_time": 1355.7508641478428,
            "strategy": [
                [
                    0,
                    "M"
                ],
                [
                    7,
                    "H"
                ]
            ]
        },
        "Alonso": {
            "mu": 90.54206608569575,
            "sigma": 1.093081169841633,
            "avg_position": 7.828,
            "win_probability": 0.042,
            "expected_race_time": 1358.1719671430792,
            "strategy": [
                [
                    0,
                    "H"
                ]
            ]
        },
        "Stroll": {
            "mu": 90.84920578829554,
            "sigma": 1.2706224815200526,
            "avg_position": 15.202,
            "win_probability": 0.006,
            "expected_race_time": 1365.3653224449176,
            "strategy": [
                [
                    0,
                    "M"
                ],
                [
                    10,
                    "H"
                ]
            ]
        },
        "Gasly": {
            "mu": 90.53906038748505,
            "sigma": 1.2426589536500923,
            "avg_position": 12.892,
            "win_probability": 0.0,
            "expected_race_time": 1363.093627397866,
            "strategy": [
                [
                    0,
                    "S"
                ],
                [
                    4,
                    "M"
                ],
                [
                    10,
                    "S"
                ]
            ]
        },
        "Ocon": {
            "mu": 90.65647195798446,
            "sigma": 1.0188833275897708,
            "avg_position": 12.338,
            "win_probability": 0.004,
            "expected_race_time": 1362.3075855871555,
            "strategy": [
                [
                    0,
                    "M"
                ],
                [
                    8,
                    "S"
                ]
            ]
        },
        "Tsunoda": {
            "mu": 90.63146381883752,
            "sigma": 0.8339791492231521,
            "avg_position": 11.96,
            "win_probability": 0.004,
            "expected_race_time": 1361.8521964724548,
            "strategy": [
                [
                    0,
                    "S"
                ],
                [
                    6,
                    "H"
                ]
            ]
        },
        "Ricciardo": {
            "mu": 90.70447461637055,
            "sigma": 1.1760125352117234,
            "avg_position": 12.732,
            "win_probability": 0.004,
            "expected_race_time": 1362.8285511330803,
            "strategy": [
                [
                    0,
                    "M"
                ],
                [
                    9,
                    "S"
                ]
            ]
        },
        "Hulkenberg": {
            "mu": 90.70907579121064,
            "sigma": 0.8743262201714065,
            "avg_position": 10.258,
            "win_probability": 0.004,
            "expected_race_time": 1360.3914618940153,
            "strategy": [
                [
                    0,
                    "H"
                ]
            ]
        },
        "Magnussen": {
            "mu": 90.71131062165573,
            "sigma": 0.9432996052638621,
            "avg_position": 13.428,
            "win_probability": 0.0,
            "expected_race_time": 1363.1552797256954,
            "strategy": [
                [
                    0,
                    "M"
                ],
                [
                    7,
                    "H"
                ]
            ]
        },
        "Albon": {
            "mu": 90.79301047683391,
            "sigma": 1.3569544222132974,
            "avg_position": 14.244,
            "win_probability": 0.006,
            "expected_race_time": 1364.500421966232,
            "strategy": [
                [
                    0,
                    "S"
                ],
                [
                    5,
                    "M"
                ]
            ]
        },
        "Bottas": {
            "mu": 90.90074147027595,
            "sigma": 1.0066849079711495,
            "avg_position": 15.988,